SET IDENTITY_INSERT Orders ON;

INSERT INTO Orders (OrderID, CustomerID, StoreID, OrderTime, PredictedArrivalTime, OrderDeliveryVia, OrderPhoneNumber, OrderStoreMemo, OrderPayment, OrderUniformInvoiceVia, OrderEinvoiceNumber, OrderAddressCity, OrderAddressDistrict, OrderAddressDetails, OrderAddressMemo, CustomerOrderStatus, OrderFinishedTime) VALUES
	('10000421', '9', '3', '2024/06/03 17:12:05', '2024/06/03 17:45:00', '1', '0905371826', '', '1', '2', '/6D+E7F8', '台中市', '北區', '忠明路789號', '', '3', '2024/06/03 17:56:32'),
	('10000422', '17', '3', '2024/06/03 17:12:21', '2024/06/03 17:30:00', '0', '0978521364', '', '1', '2', '/F2G3H4I', '', '', '', '', '3', '2024/06/03 17:30:52'),
	('10000423', '13', '3', '2024/06/03 17:15:28', '2024/06/03 17:35:00', '0', '0916583297', '', '1', '2', '/8R9S0T1', '', '', '', '', '3', '2024/06/03 17:48:04'),
	('10000424', '26', '3', '2024/06/03 17:27:46', '2024/06/03 17:45:00', '0', '0943768215', '', '0', '1', '', '', '', '', '', '3', '2024/06/03 18:00:49'),
	('10000425', '10', '3', '2024/06/03 17:29:43', '2024/06/03 17:45:00', '0', '0972594183', '', '0', '1', '', '', '', '', '', '3', '2024/06/03 17:53:05'),
	
	('10000426', '16', '4', '2024/06/03 18:10:06', '2024/06/03 18:45:00', '1', '0923894716', '', '1', '2', '/B9C0D1E', '台中市', '西屯區', '樂群二街456號', '', '3', '2024/06/03 18:57:29'),
	('10000427', '21', '4', '2024/06/03 18:21:11', '2024/06/03 18:55:00', '1', '0925794613', '', '1', '1', '', '台中市', '北區', '忠孝路123號', '', '3', '2024/06/03 19:08:47'),
	('10000428', '26', '4', '2024/06/04 11:16:48', '2024/06/04 11:35:00', '0', '0943768215', '', '0', '1', '', '', '', '', '', '3', '2024/06/04 11:50:24'),
	('10000429', '10', '4', '2024/06/04 12:00:31', '2024/06/04 12:20:00', '0', '0972594183', '', '0', '1', '', '', '', '', '', '5', '2024/06/04 12:34:29'),
	('10000430', '17', '4', '2024/06/04 12:18:32', '2024/06/04 12:35:00', '0', '0978521364', '', '1', '2', '/F2G3H4I', '', '', '', '', '3', '2024/06/04 12:49:08'),
	('10000431', '28', '4', '2024/06/04 12:25:49', '2024/06/04 13:00:00', '1', '0975241836', '', '1', '2', '/W6X7Y8Z', '台中市', '西區', '自由路五段567號', '', '3', '2024/06/04 13:13:21'),
	('10000432', '21', '4', '2024/06/04 12:38:48', '2024/06/04 13:10:00', '1', '0925794613', '', '1', '1', '', '台中市', '北區', '忠孝路123號', '', '3', '2024/06/04 13:14:15'),
	
	('10000433', '23', '5', '2024/06/04 13:20:32', '2024/06/04 13:40:00', '0', '0936821574', '', '1', '1', '', '', '', '', '', '3', '2024/06/04 13:55:49'),
	('10000434', '3', '5', '2024/06/04 16:35:18', '2024/06/04 17:10:00', '1', '0938726594', '', '1', '2', '/I7J8K-L0', '台中市', '南屯區', '大墩路789號', '', '3', '2024/06/04 17:20:04'),
	('10000435', '22', '5', '2024/06/04 16:54:25', '2024/06/04 17:25:00', '1', '0971236458', '', '0', '2', '/Y8Z9A0B', '台中市', '西屯區', '福科三街456號', '', '3', '2024/06/04 17:30:50'),
	('10000436', '18', '5', '2024/06/04 17:27:05', '2024/06/04 18:00:00', '1', '0952637419', '', '1', '2', '/J5K6L7M', '台中市', '北屯區', '育德路234號', '', '3', '2024/06/04 18:07:10'),
	('10000437', '8', '5', '2024/06/04 17:45:04', '2024/06/04 18:20:00', '1', '0946582371', '', '1', '2', '/3A.B4C5', '台中市', '西屯區', '西屯路二段567號', '', '3', '2024/06/04 18:21:57'),
	('10000438', '4', '5', '2024/06/04 17:50:30', '2024/06/04 18:10:00', '0', '0976482910', '', '1', '2', '/M3N2O1P', '', '', '', '', '3', '2024/06/04 18:16:57'),
	('10000439', '19', '5', '2024/06/05 11:02:15', '2024/06/05 11:20:00', '0', '0913746825', '', '0', '1', '', '', '', '', '', '3', '2024/06/05 11:22:51'),
	('10000440', '2', '5', '2024/06/05 11:40:09', '2024/06/05 12:15:00', '1', '0987654321', '', '1', '1', '', '台中市', '西屯區', '文心路456號', '', '3', '2024/06/05 12:16:48'),
	
	('10000441', '3', '7', '2024/06/05 11:49:55', '2024/06/05 12:20:00', '1', '0938726594', '', '1', '2', '/I7J8K-L0', '台中市', '南屯區', '大墩路789號', '', '3', '2024/06/05 12:22:01'),
	('10000442', '13', '7', '2024/06/05 12:48:37', '2024/06/05 13:05:00', '0', '0916583297', '', '1', '2', '/8R9S0T1', '', '', '', '', '3', '2024/06/05 13:08:38'),
	('10000443', '4', '7', '2024/06/05 13:23:15', '2024/06/05 13:40:00', '0', '0976482910', '', '1', '2', '/M3N2O1P', '', '', '', '', '3', '2024/06/05 13:45:06'),
	('10000444', '22', '7', '2024/06/05 13:28:15', '2024/06/05 14:00:00', '1', '0971236458', '', '0', '2', '/Y8Z9A0B', '台中市', '西屯區', '福科三街456號', '', '3', '2024/06/05 14:06:00'),
	
	('10000445', '21', '10', '2024/06/05 16:40:21', '2024/06/05 17:15:00', '1', '0925794613', '', '1', '1', '', '台中市', '北區', '忠孝路123號', '', '3', '2024/06/05 17:16:30'),
	('10000446', '17', '10', '2024/06/05 17:02:59', '2024/06/05 17:20:00', '0', '0978521364', '', '1', '2', '/F2G3H4I', '', '', '', '', '3', '2024/06/05 17:26:30'),
	('10000447', '15', '10', '2024/06/05 17:10:51', '2024/06/05 17:30:00', '0', '0947365182', '', '1', '2', '/5Y6Z7A8', '', '', '', '', '3', '2024/06/05 17:42:35'),
	('10000448', '1', '10', '2024/06/05 17:18:37', '2024/06/05 17:35:00', '0', '0912345678', '', '1', '2', '/A4B3C2D', '', '', '', '', '3', '2024/06/05 17:40:45'),
	('10000449', '6', '10', '2024/06/05 17:34:54', '2024/06/05 17:50:00', '0', '0927635184', '', '0', '1', '', '', '', '', '', '3', '2024/06/05 18:03:58'),
	('10000450', '26', '10', '2024/06/05 17:40:36', '2024/06/05 18:00:00', '0', '0943768215', '', '0', '1', '', '', '', '', '', '3', '2024/06/05 18:07:50'),
	('10000451', '27', '10', '2024/06/05 17:49:05', '2024/06/05 18:20:00', '1', '0928617394', '', '1', '2', '/S3T4U5V', '台中市', '西屯區', '臺灣大道三段234號', '', '3', '2024/06/05 18:27:26'),
	
	('10000452', '28', '11', '2024/06/05 18:06:36', '2024/06/05 18:40:00', '1', '0975241836', '', '1', '2', '/W6X7Y8Z', '台中市', '西區', '自由路五段567號', '', '3', '2024/06/06 18:40:32'),
	('10000453', '11', '11', '2024/06/05 18:10:16', '2024/06/05 18:45:00', '1', '0937216458', '', '1', '2', '/2K3L4M+', '台中市', '北屯區', '大德路一段678號', '', '3', '2024/06/06 18:59:54'),
	('10000454', '12', '11', '2024/06/06 11:09:40', '2024/06/06 11:40:00', '1', '0964829175', '', '1', '2', '/N5O6P7Q', '台中市', '西屯區', '福科一街234號', '', '3', '2024/06/06 11:45:38'),
	('10000455', '11', '11', '2024/06/06 11:26:58', '2024/06/06 12:00:00', '1', '0937216458', '', '1', '2', '/2K3L4M+', '台中市', '北屯區', '大德路一段678號', '', '3', '2024/06/06 12:12:55'),
	('10000456', '26', '11', '2024/06/06 11:57:41', '2024/06/06 12:15:00', '0', '0943768215', '', '0', '1', '', '', '', '', '', '3', '2024/06/06 12:21:41'),
	('10000457', '17', '11', '2024/06/06 11:59:47', '2024/06/06 12:15:00', '0', '0978521364', '', '1', '2', '/F2G3H4I', '', '', '', '', '3', '2024/06/06 12:19:01'),
	('10000458', '6', '11', '2024/06/06 12:08:02', '2024/06/06 12:25:00', '0', '0927635184', '', '0', '1', '', '', '', '', '', '3', '2024/06/06 12:38:50'),
	('10000459', '28', '11', '2024/06/06 12:55:48', '2024/06/06 13:30:00', '1', '0975241836', '', '1', '2', '/W6X7Y8Z', '台中市', '西區', '自由路五段567號', '', '3', '2024/06/06 13:37:23'),
	
	('10000460', '21', '12', '2024/06/06 13:00:40', '2024/06/06 13:35:00', '1', '0925794613', '', '1', '1', '', '台中市', '北區', '忠孝路123號', '', '3', '2024/06/06 13:43:48'),
	('10000461', '8', '12', '2024/06/06 13:06:12', '2024/06/06 13:40:00', '1', '0946582371', '', '1', '2', '/3A.B4C5', '台中市', '西屯區', '西屯路二段567號', '', '3', '2024/06/06 13:49:51'),
	('10000462', '19', '12', '2024/06/06 16:43:33', '2024/06/06 17:00:00', '0', '0913746825', '', '0', '1', '', '', '', '', '', '3', '2024/06/06 17:05:31'),
	('10000463', '7', '12', '2024/06/06 16:50:59', '2024/06/06 17:25:00', '1', '0981743526', '', '1', '2', '/Y3Z1+2-', '台中市', '北區', '自由路234號', '', '3', '2024/06/06 17:27:02'),
	('10000464', '3', '12', '2024/06/06 16:59:59', '2024/06/06 17:30:00', '1', '0938726594', '', '1', '2', '/I7J8K-L0', '台中市', '南屯區', '大墩路789號', '', '3', '2024/06/06 17:36:08'),
	('10000465', '13', '12', '2024/06/06 17:05:09', '2024/06/06 17:25:00', '0', '0916583297', '', '1', '2', '/8R9S0T1', '', '', '', '', '3', '2024/06/06 17:26:44'),
	('10000466', '23', '12', '2024/06/06 17:08:01', '2024/06/06 17:25:00', '0', '0936821574', '', '1', '1', '', '', '', '', '', '3', '2024/06/06 17:33:12'),
	('10000467', '4', '12', '2024/06/06 17:47:52', '2024/06/06 18:05:00', '0', '0976482910', '', '1', '2', '/M3N2O1P', '', '', '', '', '3', '2024/06/06 18:15:21'),
	('10000468', '5', '12', '2024/06/06 18:00:07', '2024/06/06 18:35:00', '1', '0953819267', '', '0', '2', '/Q8R9S+T7', '台中市', '北屯區', '向上路567號', '', '3', '2024/06/06 18:42:31'),
	('10000469', '22', '12', '2024/06/06 18:21:36', '2024/06/06 18:55:00', '1', '0971236458', '', '0', '2', '/Y8Z9A0B', '台中市', '西屯區', '福科三街456號', '', '3', '2024/06/06 19:06:03'),
	('10000470', '4', '12', '2024/06/07 11:05:11', '2024/06/07 11:25:00', '0', '0976482910', '', '1', '2', '/M3N2O1P', '', '', '', '', '3', '2024/06/07 11:36:02'),
	
	('10000471', '22', '13', '2024/06/07 11:58:34', '2024/06/07 12:30:00', '1', '0971236458', '', '0', '2', '/Y8Z9A0B', '台中市', '西屯區', '福科三街456號', '', '3', '2024/06/07 12:32:29'),
	('10000472', '1', '13', '2024/06/07 12:16:28', '2024/06/07 12:35:00', '0', '0912345678', '', '1', '2', '/A4B3C2D', '', '', '', '', '3', '2024/06/07 12:48:49'),
	('10000473', '13', '13', '2024/06/07 12:28:08', '2024/06/07 12:45:00', '0', '0916583297', '', '1', '2', '/8R9S0T1', '', '', '', '', '3', '2024/06/07 12:47:48'),
	('10000474', '27', '13', '2024/06/07 12:43:21', '2024/06/07 13:15:00', '1', '0928617394', '', '1', '2', '/S3T4U5V', '台中市', '西屯區', '臺灣大道三段234號', '', '3', '2024/06/07 13:20:58'),
	('10000475', '7', '13', '2024/06/07 12:48:05', '2024/06/07 13:20:00', '1', '0981743526', '', '1', '2', '/Y3Z1+2-', '台中市', '北區', '自由路234號', '', '3', '2024/06/07 13:23:50'),
	('10000476', '18', '13', '2024/06/07 12:51:07', '2024/06/07 13:25:00', '1', '0952637419', '', '1', '2', '/J5K6L7M', '台中市', '北屯區', '育德路234號', '', '3', '2024/06/07 13:37:46'),
	('10000477', '10', '13', '2024/06/07 16:46:38', '2024/06/07 17:05:00', '0', '0972594183', '', '0', '1', '', '', '', '', '', '3', '2024/06/07 17:08:01'),
	('10000478', '2', '13', '2024/06/07 16:46:57', '2024/06/07 17:20:00', '1', '0987654321', '', '1', '1', '', '台中市', '西屯區', '文心路456號', '', '3', '2024/06/07 17:23:08'),
	('10000479', '28', '13', '2024/06/07 17:17:15', '2024/06/07 17:50:00', '1', '0975241836', '', '1', '2', '/W6X7Y8Z', '台中市', '西區', '自由路五段567號', '', '3', '2024/06/07 18:01:02'),
	('10000480', '17', '13', '2024/06/07 17:22:59', '2024/06/07 17:40:00', '0', '0978521364', '', '1', '2', '/F2G3H4I', '', '', '', '', '3', '2024/06/07 17:51:05');

SET IDENTITY_INSERT Orders OFF;

INSERT INTO OrderDetails (OrderID, ProductID, UnitPrice, Quantity) VALUES ('10000421', '169', '130', '2');
INSERT INTO OrderDetails (OrderID, ProductID, UnitPrice, Quantity) VALUES ('10000422', '170', '120', '1');
INSERT INTO OrderDetails (OrderID, ProductID, UnitPrice, Quantity) VALUES ('10000423', '171', '125', '1');
INSERT INTO OrderDetails (OrderID, ProductID, UnitPrice, Quantity) VALUES ('10000424', '170', '120', '1');
INSERT INTO OrderDetails (OrderID, ProductID, UnitPrice, Quantity) VALUES ('10000425', '170', '120', '1');

INSERT INTO OrderDetails (OrderID, ProductID, UnitPrice, Quantity) VALUES ('10000426', '395', '150', '1');
INSERT INTO OrderDetails (OrderID, ProductID, UnitPrice, Quantity) VALUES ('10000427', '386', '110', '1');
INSERT INTO OrderDetails (OrderID, ProductID, UnitPrice, Quantity) VALUES ('10000428', '387', '110', '1');
INSERT INTO OrderDetails (OrderID, ProductID, UnitPrice, Quantity) VALUES ('10000429', '386', '110', '1');
INSERT INTO OrderDetails (OrderID, ProductID, UnitPrice, Quantity) VALUES ('10000430', '386', '110', '1');
INSERT INTO OrderDetails (OrderID, ProductID, UnitPrice, Quantity) VALUES ('10000431', '387', '110', '1');
INSERT INTO OrderDetails (OrderID, ProductID, UnitPrice, Quantity) VALUES ('10000432', '387', '110', '1');

INSERT INTO OrderDetails (OrderID, ProductID, UnitPrice, Quantity) VALUES ('10000433', '421', '110', '1');
INSERT INTO OrderDetails (OrderID, ProductID, UnitPrice, Quantity) VALUES ('10000434', '422', '110', '1');
INSERT INTO OrderDetails (OrderID, ProductID, UnitPrice, Quantity) VALUES ('10000435', '424', '100', '1');
INSERT INTO OrderDetails (OrderID, ProductID, UnitPrice, Quantity) VALUES ('10000436', '421', '110', '1');
INSERT INTO OrderDetails (OrderID, ProductID, UnitPrice, Quantity) VALUES ('10000437', '421', '110', '1');
INSERT INTO OrderDetails (OrderID, ProductID, UnitPrice, Quantity) VALUES ('10000438', '422', '110', '2');
INSERT INTO OrderDetails (OrderID, ProductID, UnitPrice, Quantity) VALUES ('10000439', '422', '110', '1');
INSERT INTO OrderDetails (OrderID, ProductID, UnitPrice, Quantity) VALUES ('10000440', '424', '100', '1');

INSERT INTO OrderDetails (OrderID, ProductID, UnitPrice, Quantity) VALUES ('10000441', '614', '135', '1');
INSERT INTO OrderDetails (OrderID, ProductID, UnitPrice, Quantity) VALUES ('10000442', '615', '150', '1');
INSERT INTO OrderDetails (OrderID, ProductID, UnitPrice, Quantity) VALUES ('10000443', '614', '135', '1');
INSERT INTO OrderDetails (OrderID, ProductID, UnitPrice, Quantity) VALUES ('10000444', '615', '150', '1');

INSERT INTO OrderDetails (OrderID, ProductID, UnitPrice, Quantity) VALUES ('10000445', '1339', '110', '1');
INSERT INTO OrderDetails (OrderID, ProductID, UnitPrice, Quantity) VALUES ('10000446', '1341', '120', '1');
INSERT INTO OrderDetails (OrderID, ProductID, UnitPrice, Quantity) VALUES ('10000447', '1342', '110', '1');
INSERT INTO OrderDetails (OrderID, ProductID, UnitPrice, Quantity) VALUES ('10000448', '1339', '110', '1');
INSERT INTO OrderDetails (OrderID, ProductID, UnitPrice, Quantity) VALUES ('10000449', '1339', '110', '1');
INSERT INTO OrderDetails (OrderID, ProductID, UnitPrice, Quantity) VALUES ('10000450', '1342', '110', '1');
INSERT INTO OrderDetails (OrderID, ProductID, UnitPrice, Quantity) VALUES ('10000451', '1342', '110', '1');

INSERT INTO OrderDetails (OrderID, ProductID, UnitPrice, Quantity) VALUES ('10000452', '1396', '110', '1');
INSERT INTO OrderDetails (OrderID, ProductID, UnitPrice, Quantity) VALUES ('10000453', '1397', '110', '1');
INSERT INTO OrderDetails (OrderID, ProductID, UnitPrice, Quantity) VALUES ('10000454', '1398', '130', '1');
INSERT INTO OrderDetails (OrderID, ProductID, UnitPrice, Quantity) VALUES ('10000455', '1396', '110', '1');
INSERT INTO OrderDetails (OrderID, ProductID, UnitPrice, Quantity) VALUES ('10000456', '1396', '110', '1');
INSERT INTO OrderDetails (OrderID, ProductID, UnitPrice, Quantity) VALUES ('10000457', '1397', '110', '1');
INSERT INTO OrderDetails (OrderID, ProductID, UnitPrice, Quantity) VALUES ('10000458', '1397', '110', '1');
INSERT INTO OrderDetails (OrderID, ProductID, UnitPrice, Quantity) VALUES ('10000459', '1398', '130', '2');

INSERT INTO OrderDetails (OrderID, ProductID, UnitPrice, Quantity) VALUES ('10000460', '1836', '110', '2');
INSERT INTO OrderDetails (OrderID, ProductID, UnitPrice, Quantity) VALUES ('10000461', '1838', '130', '2');
INSERT INTO OrderDetails (OrderID, ProductID, UnitPrice, Quantity) VALUES ('10000462', '1839', '140', '1');
INSERT INTO OrderDetails (OrderID, ProductID, UnitPrice, Quantity) VALUES ('10000463', '1840', '110', '2');
INSERT INTO OrderDetails (OrderID, ProductID, UnitPrice, Quantity) VALUES ('10000464', '1836', '110', '1');
INSERT INTO OrderDetails (OrderID, ProductID, UnitPrice, Quantity) VALUES ('10000465', '1836', '110', '1');
INSERT INTO OrderDetails (OrderID, ProductID, UnitPrice, Quantity) VALUES ('10000466', '1836', '110', '1');
INSERT INTO OrderDetails (OrderID, ProductID, UnitPrice, Quantity) VALUES ('10000467', '1839', '140', '2');
INSERT INTO OrderDetails (OrderID, ProductID, UnitPrice, Quantity) VALUES ('10000468', '1839', '140', '1');
INSERT INTO OrderDetails (OrderID, ProductID, UnitPrice, Quantity) VALUES ('10000469', '1840', '110', '2');
INSERT INTO OrderDetails (OrderID, ProductID, UnitPrice, Quantity) VALUES ('10000470', '1840', '110', '2');

INSERT INTO OrderDetails (OrderID, ProductID, UnitPrice, Quantity) VALUES ('10000471', '69', '175', '2');
INSERT INTO OrderDetails (OrderID, ProductID, UnitPrice, Quantity) VALUES ('10000472', '70', '180', '1');
INSERT INTO OrderDetails (OrderID, ProductID, UnitPrice, Quantity) VALUES ('10000473', '71', '160', '1');
INSERT INTO OrderDetails (OrderID, ProductID, UnitPrice, Quantity) VALUES ('10000474', '71', '160', '2');
INSERT INTO OrderDetails (OrderID, ProductID, UnitPrice, Quantity) VALUES ('10000475', '71', '160', '2');
INSERT INTO OrderDetails (OrderID, ProductID, UnitPrice, Quantity) VALUES ('10000476', '70', '180', '1');
INSERT INTO OrderDetails (OrderID, ProductID, UnitPrice, Quantity) VALUES ('10000477', '70', '180', '1');
INSERT INTO OrderDetails (OrderID, ProductID, UnitPrice, Quantity) VALUES ('10000478', '69', '175', '1');
INSERT INTO OrderDetails (OrderID, ProductID, UnitPrice, Quantity) VALUES ('10000479', '70', '180', '2');
INSERT INTO OrderDetails (OrderID, ProductID, UnitPrice, Quantity) VALUES ('10000480', '69', '175', '2');

SET IDENTITY_INSERT Reviews ON;
INSERT INTO Reviews (ReviewID, OrderID, ReviewTime, ReviewRating, ReviewContent, StoreReplyTime, StoreReplyContent) VALUES
	('81', '10000421', '2024/06/07 12:41', '5', '餐點份量很足夠,蔬菜新鮮美味,整體很滿意!', '2024/06/08 13:46', '非常感謝您的正面評價,我們將繼續提供新鮮優質的蔬食餐點。'),
	('82', '10000422', '2024/06/07 12:23', '4', '雖然有點小貴,不過食材的確很新鮮,值回票價。', '2024/06/08 13:28', '我們重視食材的新鮮度和營養價值,因此成本會略高些,但絕對物超所值。您的支持是我們的動力!'),
	('83', '10000423', '2024/06/07 13:45', '5', '菜色選擇多樣化,適合喜歡嘗試新口味的我。', '2024/06/08 14:50', '菜色多元化是我們一直努力的目標,未來將陸續推出更多新口味餐點,敬請期待。'),
	('84', '10000424', '2024/06/07 12:59', '5', '他們的低卡低鈉餐點對於在控制體重的我很實用。', '2024/06/08 14:04', '很高興我們的低卡低鈉餐點對您有幫助,我們會繼續開發更多健康餐飲選擇。'),
	('85', '10000425', '2024/06/07 13:11', '3', '期待可以多一些全素選項,作為素食者的我會很開心。', '2024/06/08 14:16', '感謝您的寶貴建議,我們將評估是否可以增加全素餐點選項,滿足更多素食者的需求。'),
	
	('86', '10000426', '2024/06/07 12:19', '5', '服務生態度很好,能感受到他們的用心。', '2024/06/08 13:24', '服務是我們很重視的部分,我們將持續培訓員工,提供貼心友善的服務。'),
	('87', '10000427', '2024/06/07 13:35', '5', '環境乾淨舒適,是吃健康餐的好地方。', '2024/06/08 14:40', '謝謝您的肯定,寧靜舒適的就餐環境一直是我們努力的目標。'),
	('88', '10000428', '2024/06/07 13:07', '3', '偶爾會覺得調味稍嫌單調,希望可以改進。', '2024/06/08 14:12', '菜色的調味偏好因人而異,我們會檢討並改善,提供更多層次的滋味。'),
	('89', '10000429', '2024/06/07 12:47', '3', '外賣服務很方便,簡單就能吃到營養均衡的餐點。', '2024/06/08 13:52', '非常感謝您對我們外送服務的肯定,方便是我們一直追求的目標。'),
	('90', '10000430', '2024/06/07 13:50', '3', '建議可以推出更多一次可以吃足的主餐套餐。', '2024/06/08 14:55', '主餐套餐的需求很高,我們會評估是否可以推出更多種類和份量。'),
	('91', '10000431', '2024/06/07 13:03', '3', '餐點份量可以在保持飽足感的情況下更纖小一些。', '2024/06/08 14:08', '飽足感與份量的平衡一直是我們在調整的部分,我們會再努力改善。'),
	('92', '10000432', '2024/06/07 12:21', '5', '喜歡他們使用當季食材,吃得很安心。', '2024/06/08 13:26', '當季食材不僅營養豐富,也更環保,我們會堅持使用在地優質食材。'),
	
	('93', '10000433', '2024/06/08 13:29', '4', '餐點的烹調手法很不錯,就是餐盒的包裝設計稍嫌簡單。', NULL, NULL),
	('94', '10000434', '2024/06/08 14:08', '5', '前陣子為了減肥專吃你們的餐盒,現在已經瘦了10公斤,真是太感謝了!', NULL, NULL),
	('95', '10000435', '2024/06/08 14:42', '5', '會讓家人朋友推薦給你們,因為我真心覺得你們的餐盒很棒!', NULL, NULL),
	('96', '10000436', '2024/06/08 15:19', '5', '從來沒吃過這麼美味的餐盒!真不敢相信這就是所謂的健康餐。', NULL, NULL),
	('97', '10000437', '2024/06/08 15:51', '3', '不好意思,今天的餐點口感有些乾澀,水分似乎不太夠。', NULL, NULL),
	('98', '10000438', '2024/06/08 16:17', '4', '太喜歡你們的湯品了,喝起來清爽又覺得很補。每次光是湯品就超滿足了。', NULL, NULL),
	('99', '10000439', '2024/06/08 17:02', '4', '整體來說品質很棒,就是價格對我來說有點小貴。', NULL, NULL),
	('100', '10000440', '2024/06/08 17:38', '5', '實在太方便了!忙碌的上班日我完全不用煩惱午餐該吃什麼。', NULL, NULL),
	
	('101', '10000441', '2024/06/08 18:14', '3', '素食選擇有點單調,希望可以多一些創意搭配。', NULL, NULL),
	('102', '10000442', '2024/06/08 18:57', '5', '最近因為生病,一直在喝你們的健康湯品。湯品的營養很棒,喝完總是滿足又舒暢。', NULL, NULL),
	('103', '10000443', '2024/06/08 19:34', '1', '你們的餐盒蔬菜太生了一點,口感略顯難以下嚥。', NULL, NULL),
	('104', '10000444', '2024/06/09 20:08', '5', '好喜歡餐盒裡的小點心!雖然是健康餐盒,偶爾也要有一點甜頭才行。', NULL, NULL),
	
	('105', '10000445', '2024/06/09 20:49', '3', '餐點份量略嫌不足,建議可以多加一些主食。', NULL, NULL),
	('106', '10000446', '2024/06/09 21:23', '5', '我的朋友都看我變瘦很多,開始好奇是怎麼做到的。原來就是天天吃你們的餐盒!', NULL, NULL),
	('107', '10000447', '2024/06/09 21:58', '2', '雞肉的部分做得有點過火,口感有些老硬難以嚥下。', NULL, NULL),
	('108', '10000448', '2024/06/09 22:32', '5', '超級無敵推薦!簡直是對健康和便利的完美結合。', NULL, NULL),
	('109', '10000449', '2024/06/09 23:11', '3', '醬汁的味道不太對我的胃口,希望下次可以再清淡一些。', NULL, NULL),
	('110', '10000450', '2024/06/09 23:48', '5', '做為一個單親媽媽,你們的餐盒簡直是我的好幫手,省去不少備餐的麻煩。', NULL, NULL),
	('111', '10000451', '2024/06/09 00:22', '4', '個人認為菜色有些許缺乏創意,期待未來能有更多的驚喜。', NULL, NULL),
	
	('112', '10000452', '2024/06/09 12:27', '5', '每次打開餐盒,裡面的餐點都烹調得美味又用心。用餐氛圍立刻變好了!', NULL, NULL),
	('113', '10000453', '2024/06/09 12:38', '4', '價格稍高,但綜合餐點內容其實很超值。', '2024/05/06 13:43', '我們的定價是根據食材成本而定,但會致力提供超值的餐點內容。'),
	('114', '10000454', '2024/06/09 13:42', '4', '如果可以的話,希望能適當調高蔬菜的份量,增加飽足感。', NULL, NULL),
	('115', '10000455', '2024/06/09 14:18', '5', '實在太方便了,宅在家也能吃到這麼棒的健康餐點!你們是我的生活救星。', NULL, NULL),
	('116', '10000456', '2024/06/10 14:59', '5', '我本來對健康餐盒有點懷疑,但你們的餐點完全顛覆了我對於健康餐的既有印象!', NULL, NULL),
	('117', '10000457', '2024/06/10 15:47', '5', '好吃到讓我完全忘記這是健康餐盒!美味和營養並重,真是太棒了。', '2024/06/11 16:51', '非常感謝您的讚賞!我們的廚師團隊都致力於將營養與美味完美結合,為顧客帶來賞心悅目的用餐體驗。期待您再次光臨!'),
	('118', '10000458', '2024/06/10 16:24', '3', '不知道是不是我的錯覺,感覺最近幾次的餐點味道有些許變化。', '2024/06/11 17:28', '很抱歉最近的餐點讓您有所疑慮。我們會立即檢視流程,確保每一份餐點的品質都能維持一致水準。請多多包涵。'),
	('119', '10000459', '2024/06/10 17:48', '5', '為了體型管理一直吃你們的餐盒,效果很棒!也很高興能吃這麼美味的健康餐。', '2024/06/11 18:52', '這正是我們一直努力的目標!希望能透過美味又營養的餐點,協助大家輕鬆享有健康體態。我們會一直精進下去。'),
	
	('120', '10000460', '2024/06/10 18:39', '4', '餐點口感爽脆,就是吃完有點小饞,希望份量可以再多一些。', '2024/06/12 19:43', '非常感謝您的寶貴建議!我們會研究是否可以適度增加份量,使顧客享有更大的飽足感。'),
	('121', '10000461', '2024/06/10 19:23', '5', '每一道菜色都做得很不錯,很用心在調味和搭配上。', '2024/06/12 20:27', '很高興您對我們的調味和搭配手法給予肯定!我們會持續用心鍛鍊,為大家帶來更多驚喜菜色。'),
	('122', '10000462', '2024/06/10 20:07', '2', '個人覺得蔬菜的烹調手法稍嫌老套,期待有新的風格出現。', '2024/06/12 21:11', '謝謝您的意見!我們會積極研發新的蔬菜烹調風格,打造更豐富有趣的用餐體驗。'),
	('123', '10000463', '2024/06/10 20:54', '5', '太棒了!你們的餐盒讓我不用再自己計算熱量,也能吃得滿足又健康。', '2024/06/12 21:58', '您的稱讚是我們最大的動力!我們一定會繼續秉持營養與美味並重的理念,持之以恆為大家服務。'),
	('124', '10000464', '2024/06/10 21:36', '3', '包裝盒的設計看起來有些單調,建議可以多些創意使它更有質感。', '2024/06/12 22:40', '非常感謝您對包裝設計的建議!我們會積極檢討改進,期使包裝不僅實用也更添質感。'),
	('125', '10000465', '2024/06/10 22:19', '5', '好久沒吃你們的餐盒了,這次回鍋實在是令我回味無窮啊!', '2024/06/12 23:23', '真高興您終於回歸了!我們的廚師團隊期待您的再次光臨,帶來更多的驚喜滿足感。'),
	('126', '10000466', '2024/06/10 23:02', '4', '整體來說很棒,就是有時熱量標示和實際會有些微出入。', '2024/06/12 00:06', '這點我們會格外注意!營養標示的正確性對我們而言極為重要,我們會加強把關。謝謝您的寶貴意見。'),
	('127', '10000467', '2024/06/10 23:45', '5', '開始吃你們的健康餐盒後,我的生活作息和體能都變得更好了。', '2024/06/12 00:49', '很高興能為您的生活和健康做出正面的影響!我們會一如既往堅持初衷,為顧客提供優質服務。'),
	('128', '10000468', '2024/06/11 00:29', '2', '不得不說,餐點的調味實在有些過於單一,期待有多一點變化。', '2024/06/12 01:33', '非常抱歉讓您有這樣的感受。我們會積極檢討調味方式,注入更多變化和創意,使每一口都驚艷全新。'),
	('129', '10000469', '2024/06/11 01:06', '5', '你們的餐點簡單又美味,對我這種eeuser來說真是超級適合!', '2024/06/12 02:10', '您就是我們所要服務的對象!我們會貫徹簡單營養又美味的宗旨,為您持續提供最佳選擇。'),
	('130', '10000470', '2024/06/11 01:44', '3', '或許是我個人的問題,但我覺得餐點的油份可以再少一些會更健康。', '2024/06/12 02:48', '非常感謝您的寶貴建議!控制油份的份量一直是我們著力的重點,我們會再接再厲,力求做到更健康。'),
	
	('131', '10000471', '2024/06/11 13:23', '5', '作為一個單身狗,你們的餐盒救了我的生活,簡單方便又營養滿分。', '2024/06/12 14:27', '很高興我們的餐盒能為您的生活帶來便利與營養!作為單身食代者,我們更是會貼心為您把關。'),
	('132', '10000472', '2024/06/11 14:02', '2', '偶爾會吃到有些許雜質,希望在包裝上能再多些注意。', '2024/06/12 15:06', '真抱歉給您這樣的體驗。包裝環節的衛生把關將是我們需要加強的部分,我們會立即改進。'),
	('133', '10000473', '2024/06/11 14:52', '5', '真高興終於發現了你們!便利健康兩不誤的做法太貼心了。', '2024/06/12 15:56', '很高興您喜歡我們的服務理念!方便與健康並重才是我們的終極目標,我們會一路朝這個方向邁進。'),
	('134', '10000474', '2024/06/11 15:39', '3', '個人覺得湯品的份量太少了一些,可以再多加一些會更好。', '2024/06/12 16:43', '非常感謝您的反映!湯品的份量一直是我們被詢問的問題,我們會評估是否適度調高份量。'),
	('135', '10000475', '2024/06/11 16:24', '5', '你們的餐盒非常貼心地標示了詳細的營養成分資訊,很喜歡這樣的設計。', '2024/06/12 17:28', '營養資訊的透明度對我們極為重要,很高興這樣的設計獲得您的認同!我們會一如往常維持這樣的高標準。'),
	('136', '10000476', '2024/06/11 17:05', '4', '整體很好,就是價格對我來說略高,希望未來可以推出更多優惠方案。', '2024/06/12 18:09', '非常感謝您的反饋!我們會積極研擬更多優惠方案,使健康飲食也能經濟實惠,讓更多人能享有我們的服務。'),
	('137', '10000477', '2024/06/11 13:15', '3', '有些菜色的鹽味偏重,若能再修飾會更好。', '2024/06/12 14:20', '菜色的調味一直是我們在改進的部分,我們會再三檢視並修正。'),
	('138', '10000478', '2024/06/11 13:59', '5', '餐點的烹調手法很用心,層次感很足。', '2024/06/12 15:04', '手工烹調是我們的堅持,帶給食客最佳的用餐體驗是我們的目標。'),
	('139', '10000479', '2024/06/11 12:53', '4', '有些餐點熱量稍高,若能提供更多低熱量選擇會很好。', '2024/06/12 13:58', '減少熱量是我們的下一階段目標,我們會推出更多低熱量但營養均衡的選擇。'),
	('140', '10000480', '2024/06/11 12:32', '5', '店內的氛圍很放鬆,是舒壓用餐的好去處。', '2024/06/12 13:37', '提供放鬆舒適的環境是我們的宗旨,期待您再度蒞臨。');
	
	SET IDENTITY_INSERT Reviews OFF;
GO

UPDATE [Vita].[dbo].[Reviews]
SET ReviewRating = 3
WHERE OrderID = 10000012

UPDATE [Vita].[dbo].[Reviews]
SET ReviewRating = 4
WHERE OrderID = 10000003

UPDATE [Vita].[dbo].[Reviews]
SET ReviewRating = 4
WHERE OrderID = 10000004

UPDATE [Vita].[dbo].[Reviews]
SET ReviewRating = 4
WHERE OrderID = 10000006

UPDATE [Vita].[dbo].[Reviews]
SET ReviewRating = 4
WHERE OrderID = 10000361

UPDATE [Vita].[dbo].[Reviews]
SET ReviewRating = 4
WHERE OrderID = 10000420

  GO